benign_100cutgrey.jpg,136.282958239
benign_101cutgrey.jpg,126.793132086
benign_102cutgrey.jpg,42.0858484505
benign_103cutgrey.jpg,37.8483144369
benign_104cutgrey.jpg,57.48074452
benign_105cutgrey.jpg,95.8122581255
benign_106cutgrey.jpg,129.966537226
benign_107cutgrey.jpg,195.093449546
benign_108cutgrey.jpg,122.20396542
benign_109cutgrey.jpg,102.571615646
benign_10cutgrey.jpg,39.3617326438
benign_110cutgrey.jpg,127.20189059
benign_111cutgrey.jpg,168.478159486
benign_112cutgrey.jpg,74.7721844293
benign_113cutgrey.jpg,134.99029384
benign_114cutgrey.jpg,156.410455404
benign_115cutgrey.jpg,150.913130197
benign_116cutgrey.jpg,157.144317838
benign_117cutgrey.jpg,196.53537242
benign_118cutgrey.jpg,65.7293074452
benign_119cutgrey.jpg,131.419399093
benign_11cutgrey.jpg,12.8001297662
benign_120cutgrey.jpg,95.2947845805
benign_121cutgrey.jpg,31.9406550968
benign_122cutgrey.jpg,101.186361135
benign_123cutgrey.jpg,53.1728658768
benign_124cutgrey.jpg,39.6862153829
benign_125cutgrey.jpg,76.1653562755
benign_126cutgrey.jpg,35.0746376156
benign_127cutgrey.jpg,108.390699365
benign_128cutgrey.jpg,54.0200433175
benign_129cutgrey.jpg,45.9311938082
benign_12cutgrey.jpg,67.1473111466
benign_130cutgrey.jpg,131.378539915
benign_131cutgrey.jpg,59.3227644875
benign_132cutgrey.jpg,89.6540546218
benign_133cutgrey.jpg,63.8050401979
benign_134cutgrey.jpg,102.365737929
benign_135cutgrey.jpg,46.6553859903
benign_136cutgrey.jpg,70.1766652337
benign_137cutgrey.jpg,48.6389117527
benign_138cutgrey.jpg,84.1335962868
benign_139cutgrey.jpg,102.461135971
benign_13cutgrey.jpg,40.434735592
benign_140cutgrey.jpg,134.268847519
benign_141cutgrey.jpg,61.0388969335
benign_142cutgrey.jpg,153.342304426
benign_143cutgrey.jpg,46.4428510143
benign_144cutgrey.jpg,88.8909736964
benign_145cutgrey.jpg,42.3711599989
benign_146cutgrey.jpg,75.3395119689
benign_147cutgrey.jpg,106.779188726
benign_148cutgrey.jpg,55.3303287019
benign_149cutgrey.jpg,47.822961332
benign_14cutgrey.jpg,35.2541898911
benign_150cutgrey.jpg,32.8814444847
benign_152cutgrey.jpg,99.1065338552
benign_153cutgrey.jpg,55.5779461894
benign_154cutgrey.jpg,119.643345203
benign_155cutgrey.jpg,114.679117928
benign_156cutgrey.jpg,103.800553932
benign_157cutgrey.jpg,108.104147515
benign_158cutgrey.jpg,111.258274558
benign_159cutgrey.jpg,98.3788346943
benign_15cutgrey.jpg,30.9125095274
benign_160cutgrey.jpg,69.0184299761
benign_161cutgrey.jpg,77.8633578074
benign_162cutgrey.jpg,134.816840683
benign_163cutgrey.jpg,147.888389244
benign_164cutgrey.jpg,170.31537832
benign_165cutgrey.jpg,33.191663519
benign_166cutgrey.jpg,68.7954497718
benign_167cutgrey.jpg,66.823541789
benign_168cutgrey.jpg,92.7557300592
benign_169cutgrey.jpg,21.7551407578
benign_16cutgrey.jpg,61.1469183933
benign_170cutgrey.jpg,98.5363694735
benign_171cutgrey.jpg,42.9990602835
benign_172cutgrey.jpg,74.6665742268
benign_173cutgrey.jpg,90.295832729
benign_174cutgrey.jpg,106.931881299
benign_175cutgrey.jpg,81.3440520112
benign_176cutgrey.jpg,36.5266281558
benign_177cutgrey.jpg,155.422193408
benign_178cutgrey.jpg,103.034144844
benign_179cutgrey.jpg,85.5265796099
benign_17cutgrey.jpg,58.6339322791
benign_180cutgrey.jpg,71.6720256992
benign_181cutgrey.jpg,125.105922147
benign_182cutgrey.jpg,90.1156779661
benign_183cutgrey.jpg,39.9638397581
benign_184cutgrey.jpg,44.639686319
benign_185cutgrey.jpg,80.6873352166
benign_186cutgrey.jpg,95.7287792895
benign_187cutgrey.jpg,81.916976056
benign_188cutgrey.jpg,114.73164777
benign_189cutgrey.jpg,75.6015873016
benign_18cutgrey.jpg,40.6398878619
benign_190cutgrey.jpg,139.146209373
benign_191cutgrey.jpg,102.962399849
benign_192cutgrey.jpg,125.808216175
benign_193cutgrey.jpg,20.4417271353
benign_194cutgrey.jpg,107.918492063
benign_195cutgrey.jpg,149.258015873
benign_196cutgrey.jpg,88.4942090395
benign_197cutgrey.jpg,94.5484126984
benign_198cutgrey.jpg,140.78425548
benign_199cutgrey.jpg,136.600306122
benign_19cutgrey.jpg,65.040245302
benign_1cutgrey.jpg,103.864375396
benign_200cutgrey.jpg,90.3513605442
benign_201cutgrey.jpg,32.9518631897
benign_202cutgrey.jpg,105.614013605
benign_203cutgrey.jpg,106.620975057
benign_204cutgrey.jpg,148.977894936
benign_205cutgrey.jpg,87.5303325775
benign_206cutgrey.jpg,100.453524348
benign_207cutgrey.jpg,88.8987830688
benign_208cutgrey.jpg,106.611636432
benign_209cutgrey.jpg,38.9120634921
benign_20cutgrey.jpg,47.0908423496
benign_210cutgrey.jpg,93.346723356
benign_211cutgrey.jpg,65.5221730915
benign_213cutgrey.jpg,52.3657183212
benign_214cutgrey.jpg,48.9856160242
benign_215cutgrey.jpg,96.5917082389
benign_216cutgrey.jpg,58.0838019652
benign_217cutgrey.jpg,73.6052192628
benign_218cutgrey.jpg,122.358333333
benign_219cutgrey.jpg,52.2652418745
benign_21cutgrey.jpg,46.9690446362
benign_220cutgrey.jpg,109.665726546
benign_221cutgrey.jpg,81.2836891396
benign_224cutgrey.jpg,120.439240797
benign_225cutgrey.jpg,100.799437277
benign_226cutgrey.jpg,41.8895606175
benign_227cutgrey.jpg,114.0628711
benign_228cutgrey.jpg,83.543175807
benign_229cutgrey.jpg,91.8306771564
benign_22cutgrey.jpg,48.8303403566
benign_230cutgrey.jpg,90.4211783439
benign_231cutgrey.jpg,67.8938518838
benign_232cutgrey.jpg,106.629898521
benign_233cutgrey.jpg,143.083301846
benign_234cutgrey.jpg,123.051569416
benign_235cutgrey.jpg,65.3862881896
benign_236cutgrey.jpg,91.4469799201
benign_237cutgrey.jpg,100.757583936
benign_238cutgrey.jpg,94.5476897333
benign_239cutgrey.jpg,85.018413311
benign_23cutgrey.jpg,46.0351377634
benign_240cutgrey.jpg,82.2873731512
benign_241cutgrey.jpg,112.868104286
benign_242cutgrey.jpg,59.1482443593
benign_243cutgrey.jpg,97.9383299147
benign_244cutgrey.jpg,87.1155538163
benign_245cutgrey.jpg,115.744312048
benign_246cutgrey.jpg,73.2508703984
benign_247cutgrey.jpg,121.235527097
benign_248cutgrey.jpg,98.7440961352
benign_249cutgrey.jpg,99.8135930584
benign_24cutgrey.jpg,52.6462306715
benign_250cutgrey.jpg,135.383825435
benign_251cutgrey.jpg,71.2920422649
benign_252cutgrey.jpg,137.686798283
benign_253cutgrey.jpg,50.5277380438
benign_254cutgrey.jpg,107.157515114
benign_255cutgrey.jpg,70.3896011012
benign_256cutgrey.jpg,106.20608874
benign_257cutgrey.jpg,162.308964428
benign_258cutgrey.jpg,98.8885755155
benign_259cutgrey.jpg,74.2699786786
benign_25cutgrey.jpg,83.5626229795
benign_260cutgrey.jpg,83.2239150383
benign_261cutgrey.jpg,110.011814477
benign_262cutgrey.jpg,77.4861006154
benign_263cutgrey.jpg,109.49252402
benign_264cutgrey.jpg,140.372975818
benign_265cutgrey.jpg,98.2245627766
benign_266cutgrey.jpg,109.874230811
benign_267cutgrey.jpg,101.411421786
benign_268cutgrey.jpg,81.5478584152
benign_269cutgrey.jpg,79.9822006909
benign_26cutgrey.jpg,110.384896404
benign_270cutgrey.jpg,86.6044680449
benign_271cutgrey.jpg,143.483988719
benign_272cutgrey.jpg,72.984170895
benign_273cutgrey.jpg,98.6504372234
benign_274cutgrey.jpg,61.1039889884
benign_275cutgrey.jpg,61.9936440678
benign_276cutgrey.jpg,76.5553951204
benign_277cutgrey.jpg,120.648197128
benign_278cutgrey.jpg,79.5440664472
benign_279cutgrey.jpg,87.4675186225
benign_27cutgrey.jpg,36.3236444873
benign_280cutgrey.jpg,130.910182666
benign_281cutgrey.jpg,183.647611744
benign_282cutgrey.jpg,96.9374800537
benign_283cutgrey.jpg,45.5155704452
benign_284cutgrey.jpg,73.1180595448
benign_285cutgrey.jpg,88.2715320098
benign_286cutgrey.jpg,63.6376357657
benign_288cutgrey.jpg,135.457092718
benign_289cutgrey.jpg,43.6700502704
benign_28cutgrey.jpg,80.7034561304
benign_290cutgrey.jpg,60.2342987318
benign_291cutgrey.jpg,177.774762745
benign_292cutgrey.jpg,126.718474847
benign_293cutgrey.jpg,60.7893197279
benign_294cutgrey.jpg,94.3141584782
benign_295cutgrey.jpg,81.813026371
benign_296cutgrey.jpg,51.5618652893
benign_297cutgrey.jpg,29.4308312641
benign_298cutgrey.jpg,175.879300412
benign_299cutgrey.jpg,73.913696985
benign_29cutgrey.jpg,70.8903815323
benign_2cutgrey.jpg,19.896281934
benign_300cutgrey.jpg,93.0345401864
benign_301cutgrey.jpg,125.432726127
benign_302cutgrey.jpg,10.1094078368
benign_303cutgrey.jpg,71.5299265138
benign_304cutgrey.jpg,104.211396657
benign_305cutgrey.jpg,72.224473419
benign_306cutgrey.jpg,171.153633997
benign_307cutgrey.jpg,52.5421369782
benign_308cutgrey.jpg,67.3352028219
benign_309cutgrey.jpg,78.5998887209
benign_30cutgrey.jpg,50.258296027
benign_310cutgrey.jpg,103.685991854
benign_311cutgrey.jpg,98.1929696817
benign_312cutgrey.jpg,124.23717897
benign_313cutgrey.jpg,86.2280557655
benign_314cutgrey.jpg,141.469378097
benign_315cutgrey.jpg,96.6883274544
benign_316cutgrey.jpg,38.1648148148
benign_317cutgrey.jpg,78.7250025195
benign_318cutgrey.jpg,135.265353993
benign_319cutgrey.jpg,69.2490022676
benign_31cutgrey.jpg,13.7846405887
benign_320cutgrey.jpg,58.0711661208
benign_321cutgrey.jpg,75.6578432855
benign_322cutgrey.jpg,81.3737927908
benign_323cutgrey.jpg,93.3230465273
benign_324cutgrey.jpg,74.4046476862
benign_325cutgrey.jpg,106.477592593
benign_326cutgrey.jpg,118.519002268
benign_327cutgrey.jpg,66.4678504241
benign_328cutgrey.jpg,107.584901738
benign_329cutgrey.jpg,145.039613471
benign_32cutgrey.jpg,45.4280432783
benign_330cutgrey.jpg,64.5379726211
benign_331cutgrey.jpg,44.8766577994
benign_332cutgrey.jpg,150.825907004
benign_333cutgrey.jpg,171.593549926
benign_334cutgrey.jpg,111.948918386
benign_335cutgrey.jpg,81.4985449137
benign_336cutgrey.jpg,134.636580062
benign_337cutgrey.jpg,57.7947075276
benign_338cutgrey.jpg,84.2505577831
benign_339cutgrey.jpg,115.221520727
benign_33cutgrey.jpg,82.5621709229
benign_340cutgrey.jpg,138.559775755
benign_341cutgrey.jpg,125.609984317
benign_342cutgrey.jpg,126.382725555
benign_343cutgrey.jpg,96.7667213671
benign_344cutgrey.jpg,131.345348574
benign_345cutgrey.jpg,128.239761851
benign_346cutgrey.jpg,92.2644296062
benign_347cutgrey.jpg,58.7706420164
benign_348cutgrey.jpg,129.547678329
benign_349cutgrey.jpg,145.047189258
benign_34cutgrey.jpg,80.0753515266
benign_350cutgrey.jpg,86.7892792472
benign_351cutgrey.jpg,114.437059432
benign_352cutgrey.jpg,72.4557087887
benign_353cutgrey.jpg,156.561218716
benign_354cutgrey.jpg,129.675434909
benign_355cutgrey.jpg,87.4501713768
benign_356cutgrey.jpg,74.8873358986
benign_357cutgrey.jpg,81.5260783807
benign_358cutgrey.jpg,143.831719265
benign_359cutgrey.jpg,87.2883132316
benign_35cutgrey.jpg,48.9630855491
benign_360cutgrey.jpg,135.882566449
benign_361cutgrey.jpg,71.9282440341
benign_362cutgrey.jpg,40.1634494789
benign_363cutgrey.jpg,145.61247009
benign_364cutgrey.jpg,90.8818874087
benign_365cutgrey.jpg,128.499098655
benign_366cutgrey.jpg,129.272586173
benign_367cutgrey.jpg,91.2636333506
benign_368cutgrey.jpg,86.8758447585
benign_369cutgrey.jpg,94.4921343875
benign_36cutgrey.jpg,23.4288264926
benign_370cutgrey.jpg,98.974584492
benign_371cutgrey.jpg,123.918523249
benign_372cutgrey.jpg,69.029671663
benign_373cutgrey.jpg,43.5093043112
benign_374cutgrey.jpg,82.7421789109
benign_375cutgrey.jpg,123.451121225
benign_376cutgrey.jpg,71.0478602147
benign_377cutgrey.jpg,92.0164788527
benign_378cutgrey.jpg,158.764199217
benign_379cutgrey.jpg,81.7458408782
benign_37cutgrey.jpg,116.634081212
benign_380cutgrey.jpg,99.085017461
benign_381cutgrey.jpg,69.629712863
benign_382cutgrey.jpg,49.3513339106
benign_383cutgrey.jpg,52.2279573888
benign_384cutgrey.jpg,51.5064644342
benign_385cutgrey.jpg,79.1631948321
benign_386cutgrey.jpg,136.077839035
benign_387cutgrey.jpg,136.28517267
benign_388cutgrey.jpg,64.049040094
benign_389cutgrey.jpg,43.0008689887
benign_38cutgrey.jpg,52.5559052083
benign_390cutgrey.jpg,155.970962971
benign_391cutgrey.jpg,67.0385720457
benign_392cutgrey.jpg,26.5338152118
benign_393cutgrey.jpg,76.964276027
benign_394cutgrey.jpg,89.618589325
benign_395cutgrey.jpg,74.8094453542
benign_396cutgrey.jpg,49.3384334093
benign_397cutgrey.jpg,87.894285773
benign_398cutgrey.jpg,62.7348831135
benign_399cutgrey.jpg,61.535904803
benign_39cutgrey.jpg,71.7146243813
benign_3cutgrey.jpg,51.3959689017
benign_400cutgrey.jpg,75.078912207
benign_401cutgrey.jpg,90.0712721391
benign_402cutgrey.jpg,111.884461911
benign_403cutgrey.jpg,103.01293053
benign_404cutgrey.jpg,101.221921442
benign_405cutgrey.jpg,102.534814428
benign_406cutgrey.jpg,123.456240492
benign_407cutgrey.jpg,100.375683582
benign_408cutgrey.jpg,76.022758123
benign_409cutgrey.jpg,92.2492652221
benign_40cutgrey.jpg,94.6436777783
benign_410cutgrey.jpg,160.33127706
benign_411cutgrey.jpg,166.141075886
benign_412cutgrey.jpg,97.4301366189
benign_413cutgrey.jpg,178.545896068
benign_414cutgrey.jpg,89.1217186098
benign_415cutgrey.jpg,196.608610114
benign_416cutgrey.jpg,160.94074531
benign_417cutgrey.jpg,127.083058665
benign_418cutgrey.jpg,129.174501697
benign_419cutgrey.jpg,111.20015895
benign_41cutgrey.jpg,90.1887511499
benign_420cutgrey.jpg,166.858083044
benign_421cutgrey.jpg,59.1786704763
benign_422cutgrey.jpg,123.927006865
benign_423cutgrey.jpg,166.458559406
benign_424cutgrey.jpg,133.768283145
benign_425cutgrey.jpg,141.141431817
benign_427cutgrey.jpg,159.703508113
benign_428cutgrey.jpg,159.638796954
benign_429cutgrey.jpg,138.667817997
benign_42cutgrey.jpg,42.0023040869
benign_430cutgrey.jpg,109.332712486
benign_431cutgrey.jpg,48.5456581308
benign_434cutgrey.jpg,73.1573146234
benign_435cutgrey.jpg,108.531478917
benign_436cutgrey.jpg,82.7523350041
benign_437cutgrey.jpg,104.418241701
benign_438cutgrey.jpg,125.591474236
benign_439cutgrey.jpg,132.593019854
benign_43cutgrey.jpg,49.4648841386
benign_440cutgrey.jpg,103.421201779
benign_441cutgrey.jpg,28.2008069392
benign_442cutgrey.jpg,47.4718107618
benign_443cutgrey.jpg,134.499338359
benign_444cutgrey.jpg,161.874080431
benign_445cutgrey.jpg,92.7950281819
benign_446cutgrey.jpg,81.4528411086
benign_447cutgrey.jpg,105.288958341
benign_448cutgrey.jpg,98.9848319811
benign_449cutgrey.jpg,110.685906112
benign_44cutgrey.jpg,50.0518218056
benign_450cutgrey.jpg,41.8476128252
benign_451cutgrey.jpg,107.191650252
benign_452cutgrey.jpg,98.2757537933
benign_453cutgrey.jpg,102.223682081
benign_454cutgrey.jpg,182.59087793
benign_455cutgrey.jpg,110.684860748
benign_456cutgrey.jpg,135.608223466
benign_457cutgrey.jpg,155.819355326
benign_458cutgrey.jpg,158.590734583
benign_459cutgrey.jpg,133.935223993
benign_45cutgrey.jpg,66.1908607473
benign_460cutgrey.jpg,205.695054999
benign_461cutgrey.jpg,153.098470472
benign_462cutgrey.jpg,151.637156259
benign_463cutgrey.jpg,115.040327456
benign_464cutgrey.jpg,208.562015349
benign_465cutgrey.jpg,183.276007821
benign_466cutgrey.jpg,157.069663962
benign_467cutgrey.jpg,144.216019815
benign_468cutgrey.jpg,118.50523901
benign_46cutgrey.jpg,54.3450611065
benign_470cutgrey.jpg,95.6314794048
benign_471cutgrey.jpg,126.12862952
benign_472cutgrey.jpg,154.571199828
benign_473cutgrey.jpg,121.904629052
benign_474cutgrey.jpg,123.69573078
benign_475cutgrey.jpg,115.419220755
benign_476cutgrey.jpg,111.815398155
benign_479cutgrey.jpg,187.417250458
benign_47cutgrey.jpg,19.2702212099
benign_480cutgrey.jpg,176.024306666
benign_482cutgrey.jpg,155.355267289
benign_483cutgrey.jpg,127.327705075
benign_484cutgrey.jpg,125.814801361
benign_485cutgrey.jpg,133.919524515
benign_486cutgrey.jpg,54.6929072239
benign_487cutgrey.jpg,161.238826696
benign_488cutgrey.jpg,151.337108964
benign_489cutgrey.jpg,131.841098315
benign_48cutgrey.jpg,54.2941959788
benign_490cutgrey.jpg,116.427001014
benign_491cutgrey.jpg,128.975842045
benign_492cutgrey.jpg,152.95090738
benign_493cutgrey.jpg,112.866603444
benign_494cutgrey.jpg,179.883000156
benign_495cutgrey.jpg,129.869211491
benign_496cutgrey.jpg,152.974866404
benign_497cutgrey.jpg,146.699999512
benign_498cutgrey.jpg,94.6858846589
benign_499cutgrey.jpg,103.284945586
benign_49cutgrey.jpg,92.5482272548
benign_4cutgrey.jpg,45.0600453043
benign_500cutgrey.jpg,150.076609003
benign_501cutgrey.jpg,100.34313736
benign_502cutgrey.jpg,114.3999176
benign_503cutgrey.jpg,141.680673441
benign_504cutgrey.jpg,109.489249425
benign_505cutgrey.jpg,121.156907985
benign_506cutgrey.jpg,118.033275637
benign_509cutgrey.jpg,143.584100131
benign_50cutgrey.jpg,53.5691164747
benign_510cutgrey.jpg,106.619357277
benign_511cutgrey.jpg,132.374373464
benign_513cutgrey.jpg,57.061930023
benign_514cutgrey.jpg,98.7551683114
benign_515cutgrey.jpg,76.1011355658
benign_516cutgrey.jpg,91.7105706596
benign_517cutgrey.jpg,171.346714709
benign_518cutgrey.jpg,115.309592093
benign_519cutgrey.jpg,97.1033013808
benign_51cutgrey.jpg,91.3578165729
benign_520cutgrey.jpg,63.6592780942
benign_521cutgrey.jpg,113.196007236
benign_522cutgrey.jpg,98.4087554121
benign_523cutgrey.jpg,198.283673499
benign_524cutgrey.jpg,157.629782151
benign_525cutgrey.jpg,153.134085014
benign_52cutgrey.jpg,129.448676945
benign_530cutgrey.jpg,113.299687951
benign_531cutgrey.jpg,156.59431827
benign_533cutgrey.jpg,104.202386687
benign_534cutgrey.jpg,128.876562683
benign_535cutgrey.jpg,76.2845860216
benign_536cutgrey.jpg,124.363496326
benign_537cutgrey.jpg,132.425454283
benign_538cutgrey.jpg,65.2568743961
benign_53cutgrey.jpg,102.402451468
benign_540cutgrey.jpg,107.506647206
benign_541cutgrey.jpg,78.1340372095
benign_542cutgrey.jpg,137.660181148
benign_543cutgrey.jpg,92.6329102673
benign_544cutgrey.jpg,105.668806591
benign_545cutgrey.jpg,96.6890372485
benign_546cutgrey.jpg,125.955978394
benign_547cutgrey.jpg,139.457687801
benign_548cutgrey.jpg,137.301978098
benign_549cutgrey.jpg,104.227274545
benign_54cutgrey.jpg,44.8512925392
benign_550cutgrey.jpg,73.4080537894
benign_551cutgrey.jpg,59.9985943168
benign_552cutgrey.jpg,120.018676132
benign_553cutgrey.jpg,85.2017972072
benign_554cutgrey.jpg,78.9816793112
benign_556cutgrey.jpg,109.375874712
benign_557cutgrey.jpg,123.710377579
benign_558cutgrey.jpg,126.163733569
benign_559cutgrey.jpg,82.9151260873
benign_55cutgrey.jpg,123.136288612
benign_560cutgrey.jpg,85.8595569879
benign_561cutgrey.jpg,110.638737957
benign_562cutgrey.jpg,118.655187327
benign_563cutgrey.jpg,140.25137204
benign_564cutgrey.jpg,106.13154279
benign_565cutgrey.jpg,61.7726874244
benign_566cutgrey.jpg,73.4936273745
benign_567cutgrey.jpg,129.046256387
benign_568cutgrey.jpg,192.557497952
benign_56cutgrey.jpg,25.8602243968
benign_570cutgrey.jpg,173.073312985
benign_571cutgrey.jpg,192.64571664
benign_572cutgrey.jpg,122.026987362
benign_573cutgrey.jpg,126.915119261
benign_574cutgrey.jpg,138.481443812
benign_575cutgrey.jpg,151.684260541
benign_576cutgrey.jpg,147.666739478
benign_577cutgrey.jpg,142.946769318
benign_578cutgrey.jpg,116.524304228
benign_57cutgrey.jpg,70.3474090404
benign_580cutgrey.jpg,96.9609816866
benign_581cutgrey.jpg,100.227344268
benign_582cutgrey.jpg,148.08769308
benign_583cutgrey.jpg,171.733054765
benign_584cutgrey.jpg,134.274811308
benign_585cutgrey.jpg,10.120060362
benign_586cutgrey.jpg,104.847774213
benign_587cutgrey.jpg,111.561199633
benign_588cutgrey.jpg,134.191333327
benign_589cutgrey.jpg,11.4026392519
benign_58cutgrey.jpg,84.5142306423
benign_590cutgrey.jpg,110.906762199
benign_591cutgrey.jpg,95.5518888716
benign_592cutgrey.jpg,116.239658014
benign_593cutgrey.jpg,177.471873659
benign_594cutgrey.jpg,131.375974178
benign_595cutgrey.jpg,84.4141070523
benign_596cutgrey.jpg,84.7223973164
benign_597cutgrey.jpg,100.900782073
benign_598cutgrey.jpg,98.9830074697
benign_599cutgrey.jpg,114.558751511
benign_59cutgrey.jpg,121.299850191
benign_5cutgrey.jpg,21.1501796616
benign_600cutgrey.jpg,90.5557889964
benign_601cutgrey.jpg,189.18538343
benign_602cutgrey.jpg,122.601467118
benign_603cutgrey.jpg,143.069567422
benign_604cutgrey.jpg,120.661760346
benign_605cutgrey.jpg,108.163253793
benign_607cutgrey.jpg,137.896727386
benign_608cutgrey.jpg,136.307438468
benign_609cutgrey.jpg,110.876906424
benign_60cutgrey.jpg,67.2522773665
benign_610cutgrey.jpg,98.1207434567
benign_611cutgrey.jpg,174.13409379
benign_612cutgrey.jpg,118.935569197
benign_613cutgrey.jpg,118.39038109
benign_614cutgrey.jpg,177.28302551
benign_615cutgrey.jpg,98.0555666615
benign_616cutgrey.jpg,148.83305769
benign_617cutgrey.jpg,52.7876428599
benign_618cutgrey.jpg,179.327889379
benign_619cutgrey.jpg,103.525090202
benign_61cutgrey.jpg,21.9190573393
benign_620cutgrey.jpg,144.044162246
benign_621cutgrey.jpg,171.769139817
benign_622cutgrey.jpg,92.6947244217
benign_623cutgrey.jpg,152.355738288
benign_624cutgrey.jpg,123.856051313
benign_625cutgrey.jpg,213.054234602
benign_626cutgrey.jpg,141.660323458
benign_627cutgrey.jpg,133.003748001
benign_628cutgrey.jpg,34.710366602
benign_629cutgrey.jpg,94.5591885724
benign_62cutgrey.jpg,37.220242655
benign_630cutgrey.jpg,87.8280202928
benign_631cutgrey.jpg,51.5345207622
benign_632cutgrey.jpg,111.658430102
benign_633cutgrey.jpg,30.8937808278
benign_634cutgrey.jpg,66.7959284952
benign_635cutgrey.jpg,104.267218742
benign_636cutgrey.jpg,113.327439289
benign_637cutgrey.jpg,129.946076254
benign_638cutgrey.jpg,113.562812417
benign_639cutgrey.jpg,97.756286331
benign_63cutgrey.jpg,156.719957483
benign_640cutgrey.jpg,64.9649798143
benign_641cutgrey.jpg,135.295053536
benign_642cutgrey.jpg,87.8737752077
benign_643cutgrey.jpg,173.774135039
benign_644cutgrey.jpg,94.8918550337
benign_645cutgrey.jpg,76.0614019776
benign_646cutgrey.jpg,100.186293736
benign_647cutgrey.jpg,141.415116823
benign_648cutgrey.jpg,47.6724148691
benign_649cutgrey.jpg,70.0806992823
benign_64cutgrey.jpg,54.630643424
benign_650cutgrey.jpg,155.513282073
benign_651cutgrey.jpg,148.942027148
benign_655cutgrey.jpg,120.515637555
benign_656cutgrey.jpg,148.822572356
benign_657cutgrey.jpg,108.179612962
benign_658cutgrey.jpg,152.457054745
benign_659cutgrey.jpg,110.225196006
benign_65cutgrey.jpg,51.7119605064
benign_660cutgrey.jpg,108.45608398
benign_661cutgrey.jpg,179.503140968
benign_663cutgrey.jpg,172.639412763
benign_664cutgrey.jpg,90.9956483793
benign_665cutgrey.jpg,31.3914703358
benign_666cutgrey.jpg,88.180758279
benign_667cutgrey.jpg,172.504959629
benign_668cutgrey.jpg,122.987847155
benign_66cutgrey.jpg,180.973313492
benign_670cutgrey.jpg,76.9325491477
benign_671cutgrey.jpg,153.701948843
benign_672cutgrey.jpg,193.518116882
benign_673cutgrey.jpg,132.986625775
benign_674cutgrey.jpg,117.670454811
benign_675cutgrey.jpg,107.257565238
benign_676cutgrey.jpg,126.800608008
benign_677cutgrey.jpg,103.737842766
benign_678cutgrey.jpg,125.343562527
benign_67cutgrey.jpg,137.985528156
benign_680cutgrey.jpg,148.852442759
benign_681cutgrey.jpg,218.058231267
benign_682cutgrey.jpg,82.0559221048
benign_683cutgrey.jpg,168.445569879
benign_684cutgrey.jpg,78.3344155907
benign_685cutgrey.jpg,108.334942661
benign_686cutgrey.jpg,156.405769981
benign_687cutgrey.jpg,116.594604478
benign_688cutgrey.jpg,100.805135156
benign_689cutgrey.jpg,96.8373074073
benign_68cutgrey.jpg,62.0277486954
benign_690cutgrey.jpg,50.8541356243
benign_691cutgrey.jpg,201.096942895
benign_692cutgrey.jpg,76.156579358
benign_693cutgrey.jpg,111.471027714
benign_694cutgrey.jpg,62.839105102
benign_695cutgrey.jpg,133.235162558
benign_696cutgrey.jpg,94.3134985568
benign_697cutgrey.jpg,78.2441573702
benign_698cutgrey.jpg,49.1514978352
benign_699cutgrey.jpg,136.135944143
benign_69cutgrey.jpg,67.3549140212
benign_6cutgrey.jpg,19.6447025433
benign_700cutgrey.jpg,149.378432539
benign_701cutgrey.jpg,148.485168897
benign_703cutgrey.jpg,121.403190701
benign_704cutgrey.jpg,96.2521731287
benign_705cutgrey.jpg,56.0256357998
benign_706cutgrey.jpg,143.053784082
benign_707cutgrey.jpg,141.8838344
benign_708cutgrey.jpg,89.7771619144
benign_70cutgrey.jpg,53.5948507181
benign_711cutgrey.jpg,151.382146409
benign_712cutgrey.jpg,141.83740151
benign_713cutgrey.jpg,115.255865546
benign_714cutgrey.jpg,129.178799684
benign_716cutgrey.jpg,97.9385409759
benign_717cutgrey.jpg,96.5423738152
benign_718cutgrey.jpg,78.8510760814
benign_719cutgrey.jpg,19.3237396146
benign_71cutgrey.jpg,78.134340514
benign_720cutgrey.jpg,56.9558338534
benign_721cutgrey.jpg,61.1612756953
benign_722cutgrey.jpg,101.226143855
benign_723cutgrey.jpg,107.912889086
benign_724cutgrey.jpg,71.6042667824
benign_725cutgrey.jpg,135.469434314
benign_726cutgrey.jpg,167.799473905
benign_727cutgrey.jpg,185.575130183
benign_72cutgrey.jpg,75.6095754186
benign_732cutgrey.jpg,56.2240555642
benign_733cutgrey.jpg,148.540683387
benign_734cutgrey.jpg,46.2175712837
benign_735cutgrey.jpg,178.270975056
benign_736cutgrey.jpg,108.239849631
benign_737cutgrey.jpg,129.774719643
benign_738cutgrey.jpg,93.8424006319
benign_739cutgrey.jpg,170.956756836
benign_73cutgrey.jpg,107.207843915
benign_740cutgrey.jpg,191.283320006
benign_741cutgrey.jpg,98.7282033779
benign_742cutgrey.jpg,199.231024983
benign_743cutgrey.jpg,113.148817627
benign_744cutgrey.jpg,109.930424777
benign_745cutgrey.jpg,161.201186761
benign_746cutgrey.jpg,85.9077427156
benign_747cutgrey.jpg,74.5781229278
benign_748cutgrey.jpg,145.227366697
benign_749cutgrey.jpg,127.044517689
benign_74cutgrey.jpg,158.116100718
benign_750cutgrey.jpg,111.826370578
benign_751cutgrey.jpg,118.355875785
benign_753cutgrey.jpg,143.479632465
benign_754cutgrey.jpg,151.818804852
benign_755cutgrey.jpg,115.631566681
benign_756cutgrey.jpg,106.654120997
benign_757cutgrey.jpg,120.692657097
benign_758cutgrey.jpg,77.90464953
benign_759cutgrey.jpg,114.820553302
benign_75cutgrey.jpg,124.524810091
benign_760cutgrey.jpg,93.4715757499
benign_761cutgrey.jpg,71.6518586418
benign_762cutgrey.jpg,68.9198331513
benign_763cutgrey.jpg,136.313698951
benign_764cutgrey.jpg,157.182724675
benign_765cutgrey.jpg,84.5738702851
benign_766cutgrey.jpg,118.700065335
benign_767cutgrey.jpg,170.290746285
benign_768cutgrey.jpg,150.182383372
benign_769cutgrey.jpg,168.805357004
benign_76cutgrey.jpg,101.163786848
benign_770cutgrey.jpg,103.44240697
benign_771cutgrey.jpg,178.50466562
benign_772cutgrey.jpg,127.956825584
benign_773cutgrey.jpg,145.644897511
benign_774cutgrey.jpg,95.5541044194
benign_775cutgrey.jpg,105.153046378
benign_776cutgrey.jpg,133.652911807
benign_777cutgrey.jpg,34.3699872255
benign_778cutgrey.jpg,27.8530702695
benign_779cutgrey.jpg,166.56025666
benign_77cutgrey.jpg,129.499111867
benign_780cutgrey.jpg,149.956398467
benign_781cutgrey.jpg,126.075288645
benign_782cutgrey.jpg,77.4473046768
benign_783cutgrey.jpg,170.908898272
benign_784cutgrey.jpg,95.3298845419
benign_785cutgrey.jpg,130.842901373
benign_786cutgrey.jpg,106.145134961
benign_787cutgrey.jpg,139.523557749
benign_788cutgrey.jpg,116.67187756
benign_789cutgrey.jpg,82.3523018489
benign_78cutgrey.jpg,125.176016629
benign_790cutgrey.jpg,67.4757537933
benign_791cutgrey.jpg,126.376402758
benign_792cutgrey.jpg,198.844275364
benign_793cutgrey.jpg,129.335378067
benign_794cutgrey.jpg,217.916107579
benign_795cutgrey.jpg,166.860834439
benign_796cutgrey.jpg,63.3607505753
benign_797cutgrey.jpg,142.46423821
benign_799cutgrey.jpg,22.9648969263
benign_79cutgrey.jpg,99.1531708239
benign_7cutgrey.jpg,89.8848458173
benign_800cutgrey.jpg,137.939614619
benign_802cutgrey.jpg,59.9831664196
benign_803cutgrey.jpg,111.216647326
benign_804cutgrey.jpg,38.3714665327
benign_805cutgrey.jpg,117.22318719
benign_806cutgrey.jpg,120.109644752
benign_807cutgrey.jpg,130.888138725
benign_808cutgrey.jpg,21.5319952608
benign_809cutgrey.jpg,113.318257791
benign_80cutgrey.jpg,174.871930272
benign_810cutgrey.jpg,55.9017650271
benign_811cutgrey.jpg,49.4730891875
benign_812cutgrey.jpg,216.804673421
benign_813cutgrey.jpg,36.6446088661
benign_814cutgrey.jpg,52.3030439404
benign_815cutgrey.jpg,101.566216796
benign_816cutgrey.jpg,41.6866267504
benign_817cutgrey.jpg,38.3723812264
benign_818cutgrey.jpg,133.274876643
benign_819cutgrey.jpg,123.628307232
benign_81cutgrey.jpg,76.2059533258
benign_820cutgrey.jpg,118.267104673
benign_821cutgrey.jpg,145.968383099
benign_823cutgrey.jpg,42.7023808363
benign_828cutgrey.jpg,64.2405585677
benign_829cutgrey.jpg,101.605490112
benign_82cutgrey.jpg,119.676235824
benign_830cutgrey.jpg,88.6178097086
benign_831cutgrey.jpg,155.598273491
benign_832cutgrey.jpg,177.406780727
benign_833cutgrey.jpg,103.601278913
benign_834cutgrey.jpg,167.465039786
benign_835cutgrey.jpg,104.739151909
benign_836cutgrey.jpg,123.563122635
benign_837cutgrey.jpg,128.393591781
benign_839cutgrey.jpg,108.986286422
benign_83cutgrey.jpg,96.9531703783
benign_841cutgrey.jpg,27.0338490268
benign_842cutgrey.jpg,105.415764813
benign_845cutgrey.jpg,138.949739147
benign_846cutgrey.jpg,132.725234037
benign_84cutgrey.jpg,169.898566704
benign_850cutgrey.jpg,145.177936674
benign_851cutgrey.jpg,138.788157253
benign_852cutgrey.jpg,130.643616648
benign_853cutgrey.jpg,156.265177283
benign_854cutgrey.jpg,125.874643094
benign_856cutgrey.jpg,142.318916995
benign_85cutgrey.jpg,85.3597203326
benign_860cutgrey.jpg,124.350400788
benign_861cutgrey.jpg,87.0827334517
benign_862cutgrey.jpg,97.0357954324
benign_863cutgrey.jpg,142.653869407
benign_864cutgrey.jpg,136.223884425
benign_865cutgrey.jpg,107.401667024
benign_866cutgrey.jpg,161.726066817
benign_867cutgrey.jpg,160.107568651
benign_868cutgrey.jpg,58.2863580957
benign_869cutgrey.jpg,114.863321079
benign_86cutgrey.jpg,125.166747921
benign_870cutgrey.jpg,199.863772087
benign_871cutgrey.jpg,93.0177165815
benign_872cutgrey.jpg,163.309671081
benign_873cutgrey.jpg,119.749105297
benign_874cutgrey.jpg,92.6620641066
benign_875cutgrey.jpg,121.454643191
benign_876cutgrey.jpg,114.491476674
benign_877cutgrey.jpg,124.750163826
benign_878cutgrey.jpg,98.7215581971
benign_879cutgrey.jpg,143.029682685
benign_87cutgrey.jpg,53.030485912
benign_880cutgrey.jpg,118.889964699
benign_881cutgrey.jpg,118.618846296
benign_882cutgrey.jpg,111.167316769
benign_883cutgrey.jpg,75.1593097866
benign_884cutgrey.jpg,148.475716738
benign_885cutgrey.jpg,196.911706713
benign_886cutgrey.jpg,193.725500741
benign_887cutgrey.jpg,127.312770605
benign_888cutgrey.jpg,91.3753690954
benign_889cutgrey.jpg,109.591561025
benign_88cutgrey.jpg,70.6428221844
benign_890cutgrey.jpg,91.7438516597
benign_891cutgrey.jpg,89.7381787066
benign_892cutgrey.jpg,163.246374868
benign_893cutgrey.jpg,106.230836779
benign_894cutgrey.jpg,116.354297987
benign_895cutgrey.jpg,150.907063521
benign_896cutgrey.jpg,95.819054004
benign_898cutgrey.jpg,124.320718103
benign_899cutgrey.jpg,190.740106097
benign_89cutgrey.jpg,161.88984127
benign_8cutgrey.jpg,58.7877868041
benign_900cutgrey.jpg,65.1981272185
benign_901cutgrey.jpg,98.5000248664
benign_904cutgrey.jpg,193.521892187
benign_907cutgrey.jpg,76.2827324765
benign_908cutgrey.jpg,98.2396346101
benign_909cutgrey.jpg,101.785461442
benign_90cutgrey.jpg,52.816335034
benign_913cutgrey.jpg,6.30908306354
benign_914cutgrey.jpg,89.7737020712
benign_91cutgrey.jpg,122.969375472
benign_921cutgrey.jpg,142.763610699
benign_922cutgrey.jpg,49.7556641768
benign_924cutgrey.jpg,16.7680915279
benign_927cutgrey.jpg,26.8581820221
benign_928cutgrey.jpg,104.111860787
benign_929cutgrey.jpg,143.991711199
benign_92cutgrey.jpg,45.5911422902
benign_930cutgrey.jpg,112.459861236
benign_931cutgrey.jpg,112.374229629
benign_932cutgrey.jpg,92.0255153684
benign_933cutgrey.jpg,164.1074058
benign_934cutgrey.jpg,153.135678414
benign_935cutgrey.jpg,118.722595272
benign_936cutgrey.jpg,118.216155361
benign_937cutgrey.jpg,121.303406697
benign_938cutgrey.jpg,105.124878593
benign_93cutgrey.jpg,58.1956557067
benign_940cutgrey.jpg,122.051821098
benign_942cutgrey.jpg,104.810911476
benign_944cutgrey.jpg,54.8090274798
benign_945cutgrey.jpg,79.1235794071
benign_946cutgrey.jpg,61.5691001092
benign_947cutgrey.jpg,84.7656204459
benign_948cutgrey.jpg,115.130275541
benign_949cutgrey.jpg,79.2214591617
benign_94cutgrey.jpg,79.2249593726
benign_950cutgrey.jpg,128.441331079
benign_951cutgrey.jpg,125.885689428
benign_952cutgrey.jpg,111.179317981
benign_953cutgrey.jpg,93.8769093245
benign_954cutgrey.jpg,127.978187318
benign_955cutgrey.jpg,100.959575099
benign_956cutgrey.jpg,127.606205779
benign_957cutgrey.jpg,55.3612962963
benign_958cutgrey.jpg,100.67031704
benign_959cutgrey.jpg,41.1902939447
benign_95cutgrey.jpg,138.778029553
benign_960cutgrey.jpg,65.5244293273
benign_961cutgrey.jpg,100.087604055
benign_962cutgrey.jpg,133.733796086
benign_963cutgrey.jpg,128.372747097
benign_964cutgrey.jpg,107.318361048
benign_965cutgrey.jpg,76.3887956664
benign_966cutgrey.jpg,81.9830198934
benign_967cutgrey.jpg,155.263788484
benign_96cutgrey.jpg,160.601233938
benign_971cutgrey.jpg,181.760710106
benign_972cutgrey.jpg,138.831222452
benign_973cutgrey.jpg,120.790651695
benign_974cutgrey.jpg,135.848054082
benign_975cutgrey.jpg,133.986688673
benign_976cutgrey.jpg,94.4181529625
benign_977cutgrey.jpg,128.161201584
benign_978cutgrey.jpg,101.421219819
benign_979cutgrey.jpg,152.752126809
benign_97cutgrey.jpg,137.407191043
benign_980cutgrey.jpg,98.6540268947
benign_981cutgrey.jpg,72.0754144401
benign_982cutgrey.jpg,153.724591898
benign_983cutgrey.jpg,89.994557183
benign_984cutgrey.jpg,125.829054199
benign_985cutgrey.jpg,114.783253208
benign_986cutgrey.jpg,131.317192437
benign_987cutgrey.jpg,125.06375941
benign_988cutgrey.jpg,100.353882084
benign_989cutgrey.jpg,102.575561864
benign_98cutgrey.jpg,124.116287793
benign_990cutgrey.jpg,132.839050836
benign_991cutgrey.jpg,115.844539687
benign_992cutgrey.jpg,119.568027812
benign_994cutgrey.jpg,56.1095274343
benign_995cutgrey.jpg,128.304965705
benign_999cutgrey.jpg,86.5192878056
benign_99cutgrey.jpg,121.029319728
benign_9cutgrey.jpg,18.3182230384
